Mexican|Brown Rice|1
Mexican|Cilantro Lime Rice|2
Mexican|Shredded Pork|3
Mexican|Chicken|4
Mexican|Taco Beef|5
Mexican|Nacho Cheese|6
Mexican|Parmesean Cheese|7
Mexican|Cheddar Cheese|8
Mexican|Pinto Beans|9
Mexican|Brown Beans|10
Mexican|Olives|11
Mexican|Jalepeno|12
Mexican|Sweet Peppers|13
Mexican|Banana Peppers|14
Mexican|Corn|15
Mexican|Onion|16
Mexican|Lettuce|17
Mexican|Pesto|18
Mexican|Hot Sauce|19
Mexican|Chipotle|20
Mexican|Chipotle Sauce|21
Mexican|Ranch|22
Mexican|Pico De Gallo|23
Mexican|Salsa Verde|24
Mexican|Tomato Rojas|25
Mexican|Guacamole|26
Mexican|Sour Cream|27
Pizza|Original Dough|28
Pizza|Gluten Free Dough|29
Pizza|Marinara|30
Pizza|Five Cheese Blend|31
Pizza|Fresh Mozzarella|32
Pizza|Spinach|33
Pizza|Mushroom|34
Pizza|Onion|35
Pizza|Tomato|36
Pizza|Peppers|37
Pizza|Olives|38
Pizza|Pineapple|39
Pizza|Ham|40
Pizza|Sausage|41
Pizza|Pepperoni|42
Pizza|Bacon|43
Pizza|Chicken|44
Pizza|Ricotta|45
Pizza|Parmesan Cheese|46
Pizza|Crushed Peppers|47
Pizza|Garlic Powder|48
Sandwich|Olives|49
Sandwich|Jalepeno|50
Sandwich|Sweet Chili|51
Sandwich|Banana Peppers|52
Sandwich|Onion|53
Sandwich|Spinach|54
Sandwich|Bacon|55
Sandwich|Lettuce|56
Sandwich|Swiss Cheese|57
Sandwich|Cheddar Cheese|58
Sandwich|Pepper Jack|59
Sandwich|Mozzarella|60
Sandwich|Provolone Cheese|61
Sandwich|American Cheese|62
Sandwich|Ham|63
Sandwich|Turkey|64
Sandwich|Roast Beef|65
Sandwich|Chicken|66
Sandwich|Pepperoni|67
Sandwich|Mayonnaise|68
Sandwich|Pesto|69
Sandwich|Hot Sauce|70
Sandwich|Chipotle Sauce|71
Sandwich|Ranch|72